{"cameraMode":{"drawMode":0,"name":"Shaded","section":"Shading Mode"},"sceneLighting":true,"audioPlay":false,"sceneViewState":{"showFog":true,"showMaterialUpdate":true,"showSkybox":true,"showFlares":true,"showImageEffects":true,"showParticleSystems":true},"in2DMode":false,"pivot":{"x":-156.9470672607422,"y":-22.561992645263673,"z":22.86121940612793},"rotation":{"x":0.06663857400417328,"y":-0.6543247103691101,"z":0.058062586933374408,"w":0.7510437369346619},"size":97.05197143554688,"orthographic":false}